BEGIN TRANSACTION;
CREATE TABLE IF NOT EXISTS AvatarHistory (
    avatar_id    INTEGER PRIMARY KEY AUTOINCREMENT,
    person_id    INTEGER NOT NULL,
    storage_path TEXT NOT NULL,
    target_year  INTEGER,
    is_current   INTEGER NOT NULL DEFAULT 0,
    source_type  TEXT NOT NULL,
    created_at   TEXT,
    metadata     TEXT,
    FOREIGN KEY (person_id) REFERENCES People(person_id)
);
CREATE TABLE IF NOT EXISTS EventParticipants (
    event_id        INTEGER NOT NULL,
    person_id       INTEGER NOT NULL,
    participant_role TEXT NOT NULL,
    is_featured     INTEGER DEFAULT 0,
    added_at        TEXT,
    PRIMARY KEY (event_id, person_id, participant_role),
    FOREIGN KEY (event_id)  REFERENCES Events(event_id),
    FOREIGN KEY (person_id) REFERENCES People(person_id)
);
CREATE TABLE IF NOT EXISTS Events (
    event_id        INTEGER PRIMARY KEY AUTOINCREMENT,
    author_id       INTEGER,
    location_id     INTEGER,
    event_type      TEXT NOT NULL,
    date_start      TEXT,
    date_start_prec TEXT,
    date_end        TEXT,
    date_end_prec   TEXT,
    is_private      INTEGER NOT NULL DEFAULT 0,
    cover_asset_id  INTEGER,
    FOREIGN KEY (author_id)   REFERENCES People(person_id),
    FOREIGN KEY (location_id) REFERENCES Places(place_id)
);
CREATE TABLE IF NOT EXISTS Memories (
  id INTEGER PRIMARY KEY AUTOINCREMENT,
  author_id INTEGER,
  event_id INTEGER,
  content_text TEXT,
  audio_url TEXT,
  transcript_verbatim TEXT,
  transcript_readable TEXT,
  emotional_tone TEXT,
  intimacy_level INTEGER DEFAULT 1,
  sensitivity_flag INTEGER DEFAULT 0,
  confidence_score REAL,
  created_at TEXT DEFAULT (datetime('now')),
  created_by INTEGER,
  source_type TEXT,
  FOREIGN KEY (author_id) REFERENCES People(person_id),
  FOREIGN KEY (event_id) REFERENCES Events(event_id),
  FOREIGN KEY (created_by) REFERENCES People(person_id)
);
CREATE TABLE IF NOT EXISTS MemoryPeople (
  memory_id INTEGER NOT NULL,
  person_id INTEGER NOT NULL,
  role TEXT,              -- 'author','addressee','mentioned','narrator' и т.п.
  PRIMARY KEY (memory_id, person_id, role),
  FOREIGN KEY (memory_id) REFERENCES "Memories_old"(id),
  FOREIGN KEY (person_id) REFERENCES People(person_id)
);
CREATE TABLE IF NOT EXISTS People (
    person_id INTEGER PRIMARY KEY AUTOINCREMENT,
    maiden_name TEXT,
    gender TEXT CHECK (gender IN ('M', 'F', 'Unknown')),
    birth_date TEXT,
    birth_date_prec TEXT CHECK (birth_date_prec IN ('EXACT', 'ABOUT', 'YEARONLY', 'DECADE')),
    death_date TEXT,
    death_date_prec TEXT CHECK (death_date_prec IN ('EXACT', 'ABOUT', 'YEARONLY', 'DECADE')),
    is_alive INTEGER NOT NULL DEFAULT 1 CHECK (is_alive IN (0, 1)),
    is_user INTEGER NOT NULL DEFAULT 0 CHECK (is_user IN (0, 1)),
    role TEXT NOT NULL DEFAULT 'placeholder' CHECK (role IN ('admin', 'author', 'relative', 'placeholder')),
    successor_id INTEGER,
    default_lang TEXT NOT NULL DEFAULT 'ru',
    phone TEXT,
    preferred_ch TEXT CHECK (preferred_ch IN ('TG', 'Email', 'Push')),
    avatar_url TEXT,
    FOREIGN KEY (successor_id) REFERENCES People(person_id)
);
CREATE TABLE IF NOT EXISTS People_I18n (
    person_id   INTEGER NOT NULL,
    lang_code   TEXT    NOT NULL,
    first_name  TEXT    NOT NULL,
    last_name   TEXT,
    patronymic  TEXT,
    biography   TEXT,
    PRIMARY KEY (person_id, lang_code),
    FOREIGN KEY (person_id) REFERENCES People(person_id)
);
CREATE TABLE IF NOT EXISTS PersonRelationship (
    rel_id             INTEGER PRIMARY KEY AUTOINCREMENT,
    person_from_id     INTEGER NOT NULL,
    person_to_id       INTEGER NOT NULL,
    relationship_type_id INTEGER NOT NULL,
    is_primary         INTEGER NOT NULL DEFAULT 1,
    valid_from         TEXT,
    valid_to           TEXT,
    comment            TEXT,
    FOREIGN KEY (person_from_id) REFERENCES People(person_id),
    FOREIGN KEY (person_to_id)   REFERENCES People(person_id),
    FOREIGN KEY (relationship_type_id) REFERENCES RelationshipType(id)
);
CREATE TABLE IF NOT EXISTS Places (
    place_id    INTEGER PRIMARY KEY AUTOINCREMENT,
    country     TEXT,
    region      TEXT,
    city        TEXT,
    coordinates TEXT,
    address_raw TEXT,
    metadata    TEXT
);
CREATE TABLE IF NOT EXISTS Quotes (
  id INTEGER PRIMARY KEY AUTOINCREMENT,
  author_id INTEGER NOT NULL,
  content_text TEXT NOT NULL,
  source_memory_id INTEGER,
  created_at TEXT DEFAULT (datetime('now')),
  FOREIGN KEY (author_id) REFERENCES People(person_id),
  FOREIGN KEY (source_memory_id) REFERENCES "Memories_old"(id)
);
CREATE TABLE IF NOT EXISTS RelationshipType (
    id             INTEGER PRIMARY KEY AUTOINCREMENT,
    code           TEXT NOT NULL,
    symmetry_type  TEXT NOT NULL,
    category       TEXT NOT NULL,
    inverse_type_id INTEGER,
    FOREIGN KEY (inverse_type_id) REFERENCES RelationshipType(id)
);
INSERT INTO "Memories" ("id","author_id","event_id","content_text","audio_url","transcript_verbatim","transcript_readable","emotional_tone","intimacy_level","sensitivity_flag","confidence_score","created_at","created_by","source_type") VALUES (2,3,NULL,'Знаешь, Ванечка, тебе скоро будет 17 лет, а представь себе, что я к тебе обращаюсь, ну, к 37 летнему, значит, это будет через 30 лет. Какой ты станешь через 30 лет? Наверное, будешь важной, цельюстремленной. Может быть, как папа такой же трудолюбивый, что тебя от нет не отянешь на работу, на работу. Важно скорее, интересно, закончил ли ты институт, поступил ли ты как хотел в престижный московский вуз, потому что хотите этого мало, надо еще заниматься. В общем, я думаю, с твоей цельюстремленностью у тебя все получилось, и ты уже важный специалист. Может быть, все-таки в историке пошел. Ведь ты очень любишь историю, географию, а это совсем не то же, что информатика. Очень интересно посмотреть, как же, что из тебя получилось, как ты определился в жизни. Но я думаю, что все нормально.','processed/13517383557209.mp3','Знаешь, Ванечка, тебе скоро будет 17 лет, а представь себе, что я к тебе обращаюсь, ну, к 37 летнему, значит, это будет через 30 лет. Какой ты станешь через 30 лет? Наверное, будешь важной, цельюстремленной. Может быть, как папа такой же трудолюбивый, что тебя от нет не отянешь на работу, на работу. Важно скорее, интересно, закончил ли ты институт, поступил ли ты как хотел в престижный московский вуз, потому что хотите этого мало, надо еще заниматься. В общем, я думаю, с твоей цельюстремленностью у тебя все получилось, и ты уже важный специалист. Может быть, все-таки в историке пошел. Ведь ты очень любишь историю, географию, а это совсем не то же, что информатика. Очень интересно посмотреть, как же, что из тебя получилось, как ты определился в жизни. Но я думаю, что все нормально.','Знаешь, Ванечка, тебе скоро будет 17 лет, а представь себе, что я к тебе обращаюсь, ну, к 37 летнему, значит, это будет через 30 лет. Какой ты станешь через 30 лет? Наверное, будешь важной, цельюстремленной. Может быть, как папа такой же трудолюбивый, что тебя от нет не отянешь на работу, на работу. Важно скорее, интересно, закончил ли ты институт, поступил ли ты как хотел в престижный московский вуз, потому что хотите этого мало, надо еще заниматься. В общем, я думаю, с твоей цельюстремленностью у тебя все получилось, и ты уже важный специалист. Может быть, все-таки в историке пошел. Ведь ты очень любишь историю, географию, а это совсем не то же, что информатика. Очень интересно посмотреть, как же, что из тебя получилось, как ты определился в жизни. Но я думаю, что все нормально.','неопределённый',1,0,0.95,'2026-04-06T16:38:47',1,'voice_note'),
 (3,3,NULL,'А знаешь, для всех вообще-то мне очень интересно посмотреть, какие вы все будете через 30 лет. Потому что сейчас еще и Дима, и Леша полны сил, полны энергии, творческие какие-то замыслы. Мальчики и девочки еще не определились в жизни, пока еще учатся. Старшие учатся, старшие — это Марина и Дима. Кирилл и Яна еще не совсем никак не определились, катятся по жизни так, как колобочки. Хотя Янга более целеустремленная, чем Кирилл. Чего-то он завяз в своих играх. Он ничего не хочет видеть, кроме слышать, кроме игр. Тоже так не бывает. Какой-то интерес в жизни все равно должен быть. На играх не проживешь.','processed/13517490577497.mp3','А знаешь, для всех вообще-то мне очень интересно посмотреть, какие вы все будете через 30 лет. Потому что сейчас еще и Дима, и Леша полны сил, полны энергии, творческие какие-то замыслы. Мальчики и девочки еще не определились в жизни, пока еще учатся. Старшие учатся, старшие — это Марина и Дима. Кирилл и Яна еще не совсем никак не определились, катятся по жизни так, как колобочки. Хотя Янга более целеустремленная, чем Кирилл. Чего-то он завяз в своих играх. Он ничего не хочет видеть, кроме слышать, кроме игр. Тоже так не бывает. Какой-то интерес в жизни все равно должен быть. На играх не проживешь.','А знаешь, для всех вообще-то мне очень интересно посмотреть, какие вы все будете через 30 лет. Потому что сейчас еще и Дима, и Леша полны сил, полны энергии, творческие какие-то замыслы. Мальчики и девочки еще не определились в жизни, пока еще учатся. Старшие учатся, старшие — это Марина и Дима. Кирилл и Яна еще не совсем никак не определились, катятся по жизни так, как колобочки. Хотя Янга более целеустремленная, чем Кирилл. Чего-то он завяз в своих играх. Он ничего не хочет видеть, кроме слышать, кроме игр. Тоже так не бывает. Какой-то интерес в жизни все равно должен быть. На играх не проживешь.','неопределённый',1,0,0.95,'2026-04-06T16:38:52',1,'voice_note'),
 (4,3,NULL,'Наверное, нас жизнь не держит только... Я сейчас по себе, наверное, думаю, что мне не хочется бросать детей внуков, что мне хочется посмотреть, а как у них сложилось жизнь. Повторяюсь, ладно.','processed/13517499883609.mp3','Наверное, нас жизнь не держит только... Я сейчас по себе, наверное, думаю, что мне не хочется бросать детей внуков, что мне хочется посмотреть, а как у них сложилось жизнь. Повторяюсь, ладно.','Наверное, нас жизнь не держит только... Я сейчас по себе, наверное, думаю, что мне не хочется бросать детей внуков, что мне хочется посмотреть, а как у них сложилось жизнь. Повторяюсь, ладно.','неопределённый',1,0,0.95,'2026-04-06T16:38:53',1,'voice_note');
INSERT INTO "MemoryPeople" ("memory_id","person_id","role") VALUES (2,3,'author'),
 (2,6,'addressee'),
 (3,3,'author'),
 (3,1,'mentioned'),
 (3,2,'mentioned'),
 (3,6,'mentioned'),
 (3,7,'mentioned'),
 (3,8,'mentioned'),
 (4,3,'author'),
 (4,1,'mentioned'),
 (4,2,'mentioned'),
 (4,6,'mentioned'),
 (4,7,'mentioned'),
 (4,8,'mentioned');
INSERT INTO "People" ("person_id","maiden_name","gender","birth_date","birth_date_prec","death_date","death_date_prec","is_alive","is_user","role","successor_id","default_lang","phone","preferred_ch","avatar_url") VALUES (1,NULL,'M','1977-09-28','EXACT',NULL,NULL,1,1,'admin',NULL,'ru','+79856479911','TG',NULL),
 (2,NULL,'M','1982-11-16','EXACT',NULL,NULL,1,0,'relative',NULL,'ru','+79181798188','Email',NULL),
 (3,'Дубейко','F','1956-03-26','EXACT',NULL,NULL,1,0,'relative',NULL,'ru','+79184544424','TG',NULL),
 (4,'','M','1951-11-14','EXACT','2005-02-09','EXACT',0,0,'relative',NULL,'ru',NULL,NULL,NULL),
 (5,NULL,'F','1982-02-19','EXACT',NULL,NULL,1,0,'relative',NULL,'ru','+79186373110','Email',NULL),
 (6,NULL,'M','2009-04-13','EXACT',NULL,NULL,1,0,'relative',NULL,'ru','+79182507546','TG',NULL),
 (7,NULL,'M','2012-10-11','EXACT',NULL,NULL,1,0,'relative',NULL,'ru','+79878300703','Push',NULL),
 (8,'Бондарева','F','2017-11-07','EXACT',NULL,NULL,1,0,'relative',NULL,'ru','+79184544408','Push',NULL),
 (9,'Бондарева','F','2005-04-01','EXACT',NULL,NULL,1,0,'admin',NULL,'ru','+79854767168','TG',NULL);
INSERT INTO "People_I18n" ("person_id","lang_code","first_name","last_name","patronymic","biography") VALUES (1,'ru','Дмитрий','Бондарев','Александрович',NULL),
 (1,'en','Dmitrii','Bondarev','Aleksandrovich',NULL),
 (2,'ru','Алексей','Бондарев','Александрович',NULL),
 (2,'en','Aleksei','Bondarev','Aleksandrovich',NULL),
 (3,'ru','Наталия','Бондарева','Ивановна',NULL),
 (3,'en','Natalia','Bondareva','Ivanovna',NULL),
 (4,'ru','Александр','Бондарев','Михайлович',NULL),
 (4,'en','Aleksandr','Bondarev','Mikhailovich',NULL),
 (5,'ru','Елена','Бондарева',NULL,NULL),
 (5,'en','Elena','Bondareva',NULL,NULL),
 (6,'ru','Иван','Бондарев','Алексеевич',NULL),
 (6,'en','Ivan','Bondarev','Alekseevich',NULL),
 (7,'ru','Кирилл','Бондарев','Алексеевич',NULL),
 (7,'en','Kirill','Bondarev','Alekseevich',NULL),
 (8,'ru','Яна','Бондарева','Алексеевна',NULL),
 (8,'en','Yana','Bondareva','Alekseevna',NULL),
 (9,'ru','Марина','Зальбург','Дмитриевна','Помогает вести семейную базу.'),
 (9,'en','Marina','Zalburg','Dmitrievna',NULL);
INSERT INTO "PersonRelationship" ("rel_id","person_from_id","person_to_id","relationship_type_id","is_primary","valid_from","valid_to","comment") VALUES (1,3,1,1,1,NULL,NULL,'мать->сын'),
 (2,3,2,1,1,NULL,NULL,'мать->сын'),
 (3,1,3,2,1,NULL,NULL,'сын->мать'),
 (4,2,3,2,1,NULL,NULL,'сын->мать'),
 (5,4,3,3,1,NULL,NULL,'супруг->супруга'),
 (6,3,4,3,1,NULL,NULL,'супруга->супруг'),
 (7,4,1,1,1,NULL,NULL,'отец->сын'),
 (8,1,4,2,1,NULL,NULL,'сын->отец'),
 (9,4,2,1,1,NULL,NULL,'отец->сын'),
 (10,2,4,2,1,NULL,NULL,'сын->отец'),
 (11,1,2,5,1,NULL,NULL,'брат->брат'),
 (12,2,1,5,1,NULL,NULL,'брат->брат'),
 (13,2,5,3,1,NULL,NULL,'Брат -> супруга, официальный брак'),
 (14,5,2,3,1,NULL,NULL,'Супруга -> брат, официальный брак'),
 (15,2,6,1,1,NULL,NULL,'Отец -> сын Иван'),
 (16,6,2,2,1,NULL,NULL,'Иван -> отец'),
 (17,5,6,1,1,NULL,NULL,'Мать -> сын Иван'),
 (18,6,5,2,1,NULL,NULL,'Иван -> мать'),
 (19,2,7,1,1,NULL,NULL,'Отец -> сын Кирилл'),
 (20,7,2,2,1,NULL,NULL,'Кирилл -> отец'),
 (21,5,7,1,1,NULL,NULL,'Мать -> сын Кирилл'),
 (22,7,5,2,1,NULL,NULL,'Кирилл -> мать'),
 (23,2,8,1,1,NULL,NULL,'Отец -> дочь Яна'),
 (24,8,2,2,1,NULL,NULL,'Яна -> отец'),
 (25,5,8,1,1,NULL,NULL,'Мать -> дочь Яна'),
 (26,8,5,2,1,NULL,NULL,'Яна -> мать'),
 (27,6,7,5,1,NULL,NULL,'Иван -> Кирилл, родные братья'),
 (28,7,6,5,1,NULL,NULL,'Кирилл -> Иван, родные братья'),
 (29,6,8,5,1,NULL,NULL,'Иван -> Яна, родные брат и сестра'),
 (30,8,6,5,1,NULL,NULL,'Яна -> Иван, родные сестра и брат'),
 (31,7,8,5,1,NULL,NULL,'Кирилл -> Яна, родные брат и сестра'),
 (32,8,7,5,1,NULL,NULL,'Яна -> Кирилл, родные сестра и брат'),
 (33,1,9,1,1,NULL,NULL,'Отец -> дочь Марина'),
 (34,9,1,2,1,NULL,NULL,'Марина -> отец'),
 (35,3,9,1,1,NULL,NULL,'Бабушка -> внучка Марина'),
 (36,9,3,2,1,NULL,NULL,'Марина -> бабушка'),
 (37,4,9,1,1,NULL,NULL,'Дедушка -> внучка Марина'),
 (38,9,4,2,1,NULL,NULL,'Марина -> дедушка'),
 (39,3,6,1,1,NULL,NULL,'Бабушка -> внук Иван'),
 (40,6,3,2,1,NULL,NULL,'Иван -> бабушка'),
 (41,3,7,1,1,NULL,NULL,'Бабушка -> внук Кирилл'),
 (42,7,3,2,1,NULL,NULL,'Кирилл -> бабушка'),
 (43,3,8,1,1,NULL,NULL,'Бабушка -> внучка Яна'),
 (44,8,3,2,1,NULL,NULL,'Яна -> бабушка'),
 (45,4,6,1,1,NULL,NULL,'Дедушка -> внук Иван'),
 (46,6,4,2,1,NULL,NULL,'Иван -> дедушка'),
 (47,4,7,1,1,NULL,NULL,'Дедушка -> внук Кирилл'),
 (48,7,4,2,1,NULL,NULL,'Кирилл -> дедушка'),
 (49,4,8,1,1,NULL,NULL,'Дедушка -> внучка Яна'),
 (50,8,4,2,1,NULL,NULL,'Яна -> дедушка');
INSERT INTO "Quotes" ("id","author_id","content_text","source_memory_id","created_at") VALUES (1,3,'Хотите этого мало, надо еще заниматься.',2,'2026-04-09 09:50:24'),
 (2,3,'Какой-то интерес в жизни все равно должен быть. На играх не проживешь.',3,'2026-04-09 09:50:24'),
 (3,3,'Мне хочется посмотреть, а как у них сложилась жизнь.',4,'2026-04-09 09:50:24');
INSERT INTO "RelationshipType" ("id","code","symmetry_type","category","inverse_type_id") VALUES (1,'bioparent','Inverse','blood',2),
 (2,'child','Inverse','blood',1),
 (3,'spouselegal','Symmetrical','legal',3),
 (4,'spousecommon','Symmetrical','social',4),
 (5,'siblingfull','Symmetrical','blood',5),
 (6,'siblinghalf','Symmetrical','blood',6),
 (7,'adoptparent','Inverse','legal',8),
 (8,'adoptchild','Inverse','legal',7),
 (9,'stepparent','Inverse','social',10),
 (10,'stepchild','Inverse','social',9),
 (11,'guardian','Inverse','legal',12),
 (12,'ward','Inverse','legal',11);
COMMIT;
